student_id,datetime,gender,race/ethnicity,parental level of education,lunch,test preparation course,math score,reading score,writing score
S0001,2026-01-28 08:00:00,female,group B,bachelor's degree,standard,none,72,72,74
S0002,2026-01-28 08:00:01,female,group C,some college,standard,completed,69,90,88
S0003,2026-01-28 08:00:02,female,group B,master's degree,standard,none,90,95,93
S0004,2026-01-28 08:00:03,male,group A,associate's degree,free/reduced,none,47,57,44
S0005,2026-01-28 08:00:04,male,group C,some college,standard,none,76,78,75
S0006,2026-01-28 08:00:05,female,group B,associate's degree,standard,none,71,83,78
S0007,2026-01-28 08:00:06,female,group B,some college,standard,completed,88,95,92
S0008,2026-01-28 08:00:07,male,group B,some college,free/reduced,none,40,43,39
S0009,2026-01-28 08:00:08,male,group D,high school,free/reduced,completed,64,64,67
S0010,2026-01-28 08:00:09,female,group B,high school,free/reduced,none,38,60,50
S0011,2026-01-28 08:00:10,male,group C,associate's degree,standard,none,58,54,52
S0012,2026-01-28 08:00:11,male,group D,associate's degree,standard,none,40,52,43
S0013,2026-01-28 08:00:12,female,group B,high school,standard,none,65,81,73
S0014,2026-01-28 08:00:13,male,group A,some college,standard,completed,78,72,70
S0015,2026-01-28 08:00:14,female,group A,master's degree,standard,none,50,53,58
S0016,2026-01-28 08:00:15,female,group C,some high school,standard,none,69,75,78
S0017,2026-01-28 08:00:16,male,group C,high school,standard,none,88,89,86
S0018,2026-01-28 08:00:17,female,group B,some high school,free/reduced,none,18,32,28
S0019,2026-01-28 08:00:18,male,group C,master's degree,free/reduced,completed,46,42,46
S0020,2026-01-28 08:00:19,female,group C,associate's degree,free/reduced,none,54,58,61
S0021,2026-01-28 08:00:20,male,group D,high school,standard,none,66,69,63
S0022,2026-01-28 08:00:21,female,group B,some college,free/reduced,completed,65,75,70
S0023,2026-01-28 08:00:22,male,group D,some college,standard,none,44,54,53
S0024,2026-01-28 08:00:23,female,group C,some high school,standard,none,69,73,73
S0025,2026-01-28 08:00:24,male,group D,bachelor's degree,free/reduced,completed,74,71,80
S0026,2026-01-28 08:00:25,male,group A,master's degree,free/reduced,none,73,74,72
S0027,2026-01-28 08:00:26,male,group B,some college,standard,none,69,54,55
S0028,2026-01-28 08:00:27,female,group C,bachelor's degree,standard,none,67,69,75
S0029,2026-01-28 08:00:28,male,group C,high school,standard,none,70,70,65
S0030,2026-01-28 08:00:29,female,group D,master's degree,standard,none,62,70,75
S0031,2026-01-28 08:00:30,female,group D,some college,standard,none,69,74,74
S0032,2026-01-28 08:00:31,female,group B,some college,standard,none,63,65,61
S0033,2026-01-28 08:00:32,female,group E,master's degree,free/reduced,none,56,72,65
S0034,2026-01-28 08:00:33,male,group D,some college,standard,none,40,42,38
S0035,2026-01-28 08:00:34,male,group E,some college,standard,none,97,87,82
S0036,2026-01-28 08:00:35,male,group E,associate's degree,standard,completed,81,81,79
S0037,2026-01-28 08:00:36,female,group D,associate's degree,standard,none,74,81,83
S0038,2026-01-28 08:00:37,female,group D,some high school,free/reduced,none,50,64,59
S0039,2026-01-28 08:00:38,female,group D,associate's degree,free/reduced,completed,75,90,88
S0040,2026-01-28 08:00:39,male,group B,associate's degree,free/reduced,none,57,56,57
S0041,2026-01-28 08:00:40,male,group C,associate's degree,free/reduced,none,55,61,54
S0042,2026-01-28 08:00:41,female,group C,associate's degree,standard,none,58,73,68
S0043,2026-01-28 08:00:42,female,group B,associate's degree,standard,none,53,58,65
S0044,2026-01-28 08:00:43,male,group B,some college,free/reduced,completed,59,65,66
S0045,2026-01-28 08:00:44,female,group E,associate's degree,free/reduced,none,50,56,54
S0046,2026-01-28 08:00:45,male,group B,associate's degree,standard,none,65,54,57
S0047,2026-01-28 08:00:46,female,group A,associate's degree,standard,completed,55,65,62
S0048,2026-01-28 08:00:47,female,group C,high school,standard,none,66,71,76
S0049,2026-01-28 08:00:48,female,group D,associate's degree,free/reduced,completed,57,74,76
S0050,2026-01-28 08:00:49,male,group C,high school,standard,completed,82,84,82
S0051,2026-01-28 08:00:50,male,group E,some college,standard,none,53,55,48
S0052,2026-01-28 08:00:51,male,group E,associate's degree,free/reduced,completed,77,69,68
S0053,2026-01-28 08:00:52,male,group C,some college,standard,none,53,44,42
S0054,2026-01-28 08:00:53,male,group D,high school,standard,none,88,78,75
S0055,2026-01-28 08:00:54,female,group C,some high school,free/reduced,completed,71,84,87
S0056,2026-01-28 08:00:55,female,group C,high school,free/reduced,none,33,41,43
S0057,2026-01-28 08:00:56,female,group E,associate's degree,standard,completed,82,85,86
S0058,2026-01-28 08:00:57,male,group D,associate's degree,standard,none,52,55,49
S0059,2026-01-28 08:00:58,male,group D,some college,standard,completed,58,59,58
S0060,2026-01-28 08:00:59,female,group C,some high school,free/reduced,none,0,17,10
S0061,2026-01-28 08:01:00,male,group E,bachelor's degree,free/reduced,completed,79,74,72
S0062,2026-01-28 08:01:01,male,group A,some high school,free/reduced,none,39,39,34
S0063,2026-01-28 08:01:02,male,group A,associate's degree,free/reduced,none,62,61,55
S0064,2026-01-28 08:01:03,female,group C,associate's degree,standard,none,69,80,71
S0065,2026-01-28 08:01:04,female,group D,some high school,standard,none,59,58,59
S0066,2026-01-28 08:01:05,male,group B,some high school,standard,none,67,64,61
S0067,2026-01-28 08:01:06,male,group D,some high school,free/reduced,none,45,37,37
S0068,2026-01-28 08:01:07,female,group C,some college,standard,none,60,72,74
S0069,2026-01-28 08:01:08,male,group B,associate's degree,free/reduced,none,61,58,56
S0070,2026-01-28 08:01:09,female,group C,associate's degree,standard,none,39,64,57
S0071,2026-01-28 08:01:10,female,group D,some college,free/reduced,completed,58,63,73
S0072,2026-01-28 08:01:11,male,group D,some college,standard,completed,63,55,63
S0073,2026-01-28 08:01:12,female,group A,associate's degree,free/reduced,none,41,51,48
S0074,2026-01-28 08:01:13,male,group C,some high school,free/reduced,none,61,57,56
S0075,2026-01-28 08:01:14,male,group C,some high school,standard,none,49,49,41
S0076,2026-01-28 08:01:15,male,group B,associate's degree,free/reduced,none,44,41,38
S0077,2026-01-28 08:01:16,male,group E,some high school,standard,none,30,26,22
S0078,2026-01-28 08:01:17,male,group A,bachelor's degree,standard,completed,80,78,81
S0079,2026-01-28 08:01:18,female,group D,some high school,standard,completed,61,74,72
S0080,2026-01-28 08:01:19,female,group E,master's degree,standard,none,62,68,68
S0081,2026-01-28 08:01:20,female,group B,associate's degree,standard,none,47,49,50
S0082,2026-01-28 08:01:21,male,group B,high school,free/reduced,none,49,45,45
S0083,2026-01-28 08:01:22,male,group A,some college,free/reduced,completed,50,47,54
S0084,2026-01-28 08:01:23,male,group E,associate's degree,standard,none,72,64,63
S0085,2026-01-28 08:01:24,male,group D,high school,free/reduced,none,42,39,34
S0086,2026-01-28 08:01:25,female,group C,some college,standard,none,73,80,82
S0087,2026-01-28 08:01:26,female,group C,some college,free/reduced,none,76,83,88
S0088,2026-01-28 08:01:27,female,group D,associate's degree,standard,none,71,71,74
S0089,2026-01-28 08:01:28,female,group A,some college,standard,none,58,70,67
S0090,2026-01-28 08:01:29,female,group D,some high school,standard,none,73,86,82
S0091,2026-01-28 08:01:30,female,group C,bachelor's degree,standard,none,65,72,74
S0092,2026-01-28 08:01:31,male,group C,high school,free/reduced,none,27,34,36
S0093,2026-01-28 08:01:32,male,group C,high school,standard,none,71,79,71
S0094,2026-01-28 08:01:33,male,group C,associate's degree,free/reduced,completed,43,45,50
S0095,2026-01-28 08:01:34,female,group B,some college,standard,none,79,86,92
S0096,2026-01-28 08:01:35,male,group C,associate's degree,free/reduced,completed,78,81,82
S0097,2026-01-28 08:01:36,male,group B,some high school,standard,completed,65,66,62
S0098,2026-01-28 08:01:37,female,group E,some college,standard,completed,63,72,70
S0099,2026-01-28 08:01:38,female,group D,some college,free/reduced,none,58,67,62
S0100,2026-01-28 08:01:39,female,group D,bachelor's degree,standard,none,65,67,62
S0101,2026-01-28 08:01:40,male,group B,some college,standard,none,79,67,67
S0102,2026-01-28 08:01:41,male,group D,bachelor's degree,standard,completed,68,74,74
S0103,2026-01-28 08:01:42,female,group D,associate's degree,standard,none,85,91,89
S0104,2026-01-28 08:01:43,male,group B,high school,standard,completed,60,44,47
S0105,2026-01-28 08:01:44,male,group C,some college,standard,completed,98,86,90
S0106,2026-01-28 08:01:45,female,group C,some college,standard,none,58,67,72
S0107,2026-01-28 08:01:46,female,group D,master's degree,standard,none,87,100,100
S0108,2026-01-28 08:01:47,male,group E,associate's degree,standard,completed,66,63,64
S0109,2026-01-28 08:01:48,female,group B,associate's degree,free/reduced,none,52,76,70
S0110,2026-01-28 08:01:49,female,group B,some high school,standard,none,70,64,72
S0111,2026-01-28 08:01:50,female,group D,associate's degree,free/reduced,completed,77,89,98
S0112,2026-01-28 08:01:51,male,group C,high school,standard,none,62,55,49
S0113,2026-01-28 08:01:52,male,group A,associate's degree,standard,none,54,53,47
S0114,2026-01-28 08:01:53,female,group D,some college,standard,none,51,58,54
S0115,2026-01-28 08:01:54,female,group E,bachelor's degree,standard,completed,99,100,100
S0116,2026-01-28 08:01:55,male,group C,high school,standard,none,84,77,74
S0117,2026-01-28 08:01:56,female,group B,bachelor's degree,free/reduced,none,75,85,82
S0118,2026-01-28 08:01:57,female,group D,bachelor's degree,standard,none,78,82,79
S0119,2026-01-28 08:01:58,female,group D,some high school,standard,none,51,63,61
S0120,2026-01-28 08:01:59,female,group C,some college,standard,none,55,69,65
S0121,2026-01-28 08:02:00,female,group C,bachelor's degree,standard,completed,79,92,89
S0122,2026-01-28 08:02:01,male,group B,associate's degree,standard,completed,91,89,92
S0123,2026-01-28 08:02:02,female,group C,some college,standard,completed,88,93,93
S0124,2026-01-28 08:02:03,male,group D,high school,free/reduced,none,63,57,56
S0125,2026-01-28 08:02:04,male,group E,some college,standard,none,83,80,73
S0126,2026-01-28 08:02:05,female,group B,high school,standard,none,87,95,86
S0127,2026-01-28 08:02:06,male,group B,some high school,standard,none,72,68,67
S0128,2026-01-28 08:02:07,male,group D,some college,standard,completed,65,77,74
S0129,2026-01-28 08:02:08,male,group D,master's degree,standard,none,82,82,74
S0130,2026-01-28 08:02:09,female,group A,bachelor's degree,standard,none,51,49,51
S0131,2026-01-28 08:02:10,male,group D,master's degree,standard,none,89,84,82
S0132,2026-01-28 08:02:11,male,group C,some high school,free/reduced,completed,53,37,40
S0133,2026-01-28 08:02:12,male,group E,some college,free/reduced,completed,87,74,70
S0134,2026-01-28 08:02:13,female,group C,some college,standard,completed,75,81,84
S0135,2026-01-28 08:02:14,male,group D,bachelor's degree,free/reduced,completed,74,79,75
S0136,2026-01-28 08:02:15,male,group C,bachelor's degree,standard,none,58,55,48
S0137,2026-01-28 08:02:16,male,group B,some high school,standard,completed,51,54,41
S0138,2026-01-28 08:02:17,male,group E,high school,standard,none,70,55,56
S0139,2026-01-28 08:02:18,female,group C,associate's degree,standard,none,59,66,67
S0140,2026-01-28 08:02:19,male,group D,some college,standard,completed,71,61,69
S0141,2026-01-28 08:02:20,female,group D,some high school,standard,none,76,72,71
S0142,2026-01-28 08:02:21,female,group C,some college,free/reduced,none,59,62,64
S0143,2026-01-28 08:02:22,female,group E,some college,free/reduced,completed,42,55,54
S0144,2026-01-28 08:02:23,male,group A,high school,standard,none,57,43,47
S0145,2026-01-28 08:02:24,male,group D,some college,standard,none,88,73,78
S0146,2026-01-28 08:02:25,female,group C,some college,free/reduced,none,22,39,33
S0147,2026-01-28 08:02:26,male,group B,some high school,standard,none,88,84,75
S0148,2026-01-28 08:02:27,male,group C,associate's degree,free/reduced,none,73,68,66
S0149,2026-01-28 08:02:28,female,group D,bachelor's degree,standard,completed,68,75,81
S0150,2026-01-28 08:02:29,male,group E,associate's degree,free/reduced,completed,100,100,93
S0151,2026-01-28 08:02:30,male,group A,some high school,standard,completed,62,67,69
S0152,2026-01-28 08:02:31,male,group A,bachelor's degree,standard,none,77,67,68
S0153,2026-01-28 08:02:32,female,group B,associate's degree,standard,completed,59,70,66
S0154,2026-01-28 08:02:33,male,group D,bachelor's degree,standard,none,54,49,47
S0155,2026-01-28 08:02:34,male,group D,some high school,standard,none,62,67,61
S0156,2026-01-28 08:02:35,female,group C,some college,standard,completed,70,89,88
S0157,2026-01-28 08:02:36,female,group E,high school,free/reduced,completed,66,74,78
S0158,2026-01-28 08:02:37,male,group B,some college,free/reduced,none,60,60,60
S0159,2026-01-28 08:02:38,female,group B,associate's degree,standard,completed,61,86,87
S0160,2026-01-28 08:02:39,male,group D,associate's degree,free/reduced,none,66,62,64
S0161,2026-01-28 08:02:40,male,group B,associate's degree,free/reduced,completed,82,78,74
S0162,2026-01-28 08:02:41,female,group E,some college,free/reduced,completed,75,88,85
S0163,2026-01-28 08:02:42,male,group B,master's degree,free/reduced,none,49,53,52
S0164,2026-01-28 08:02:43,male,group C,high school,standard,none,52,53,49
S0165,2026-01-28 08:02:44,female,group E,master's degree,standard,none,81,92,91
S0166,2026-01-28 08:02:45,female,group C,bachelor's degree,standard,completed,96,100,100
S0167,2026-01-28 08:02:46,male,group C,high school,free/reduced,completed,53,51,51
S0168,2026-01-28 08:02:47,female,group B,master's degree,free/reduced,completed,58,76,78
S0169,2026-01-28 08:02:48,female,group B,high school,standard,completed,68,83,78
S0170,2026-01-28 08:02:49,female,group C,some college,free/reduced,completed,67,75,70
S0171,2026-01-28 08:02:50,male,group A,high school,standard,completed,72,73,74
S0172,2026-01-28 08:02:51,male,group E,some high school,standard,none,94,88,78
S0173,2026-01-28 08:02:52,female,group D,some college,standard,none,79,86,81
S0174,2026-01-28 08:02:53,female,group C,associate's degree,standard,none,63,67,70
S0175,2026-01-28 08:02:54,female,group C,bachelor's degree,free/reduced,completed,43,51,54
S0176,2026-01-28 08:02:55,female,group C,master's degree,standard,completed,81,91,87
S0177,2026-01-28 08:02:56,female,group B,high school,free/reduced,completed,46,54,58
S0178,2026-01-28 08:02:57,female,group C,associate's degree,standard,completed,71,77,77
S0179,2026-01-28 08:02:58,female,group B,master's degree,free/reduced,completed,52,70,62
S0180,2026-01-28 08:02:59,female,group D,some high school,standard,completed,97,100,100
S0181,2026-01-28 08:03:00,male,group C,master's degree,free/reduced,completed,62,68,75
S0182,2026-01-28 08:03:01,female,group C,some college,free/reduced,none,46,64,66
S0183,2026-01-28 08:03:02,female,group E,high school,standard,none,50,50,47
S0184,2026-01-28 08:03:03,female,group D,associate's degree,standard,none,65,69,70
S0185,2026-01-28 08:03:04,male,group C,some high school,free/reduced,completed,45,52,49
S0186,2026-01-28 08:03:05,male,group C,associate's degree,free/reduced,completed,65,67,65
S0187,2026-01-28 08:03:06,male,group E,high school,standard,none,80,76,65
S0188,2026-01-28 08:03:07,male,group D,some high school,standard,completed,62,66,68
S0189,2026-01-28 08:03:08,male,group B,some high school,free/reduced,none,48,52,45
S0190,2026-01-28 08:03:09,female,group C,bachelor's degree,standard,none,77,88,87
S0191,2026-01-28 08:03:10,female,group E,associate's degree,standard,none,66,65,69
S0192,2026-01-28 08:03:11,male,group D,some college,standard,completed,76,83,79
S0193,2026-01-28 08:03:12,female,group B,some high school,standard,none,62,64,66
S0194,2026-01-28 08:03:13,male,group D,some college,standard,completed,77,62,62
S0195,2026-01-28 08:03:14,female,group C,master's degree,standard,completed,69,84,85
S0196,2026-01-28 08:03:15,male,group D,associate's degree,standard,none,61,55,52
S0197,2026-01-28 08:03:16,male,group C,some high school,free/reduced,completed,59,69,65
S0198,2026-01-28 08:03:17,male,group E,high school,free/reduced,none,55,56,51
S0199,2026-01-28 08:03:18,female,group B,some college,free/reduced,none,45,53,55
S0200,2026-01-28 08:03:19,female,group B,bachelor's degree,free/reduced,none,78,79,76
S0201,2026-01-28 08:03:20,female,group C,associate's degree,standard,completed,67,84,86
S0202,2026-01-28 08:03:21,female,group D,some college,free/reduced,none,65,81,77
S0203,2026-01-28 08:03:22,male,group C,associate's degree,standard,none,69,77,69
S0204,2026-01-28 08:03:23,female,group B,associate's degree,standard,none,57,69,68
S0205,2026-01-28 08:03:24,male,group C,some college,standard,none,59,41,42
S0206,2026-01-28 08:03:25,male,group D,some high school,standard,completed,74,71,78
S0207,2026-01-28 08:03:26,male,group E,bachelor's degree,standard,none,82,62,62
S0208,2026-01-28 08:03:27,male,group E,high school,standard,completed,81,80,76
S0209,2026-01-28 08:03:28,female,group B,some college,free/reduced,none,74,81,76
S0210,2026-01-28 08:03:29,female,group B,some college,free/reduced,none,58,61,66
S0211,2026-01-28 08:03:30,male,group D,some high school,free/reduced,completed,80,79,79
S0212,2026-01-28 08:03:31,male,group C,some college,free/reduced,none,35,28,27
S0213,2026-01-28 08:03:32,female,group C,high school,free/reduced,none,42,62,60
S0214,2026-01-28 08:03:33,male,group C,associate's degree,free/reduced,completed,60,51,56
S0215,2026-01-28 08:03:34,male,group E,high school,standard,completed,87,91,81
S0216,2026-01-28 08:03:35,male,group B,some high school,standard,completed,84,83,75
S0217,2026-01-28 08:03:36,female,group E,associate's degree,free/reduced,completed,83,86,88
S0218,2026-01-28 08:03:37,female,group C,high school,free/reduced,none,34,42,39
S0219,2026-01-28 08:03:38,male,group B,high school,free/reduced,none,66,77,70
S0220,2026-01-28 08:03:39,male,group B,some high school,standard,completed,61,56,56
S0221,2026-01-28 08:03:40,female,group D,high school,standard,completed,56,68,74
S0222,2026-01-28 08:03:41,male,group B,associate's degree,standard,none,87,85,73
S0223,2026-01-28 08:03:42,female,group C,some high school,free/reduced,none,55,65,62
S0224,2026-01-28 08:03:43,male,group D,some high school,standard,none,86,80,75
S0225,2026-01-28 08:03:44,female,group B,associate's degree,standard,completed,52,66,73
S0226,2026-01-28 08:03:45,female,group E,master's degree,free/reduced,none,45,56,54
S0227,2026-01-28 08:03:46,female,group C,some college,standard,none,72,72,71
S0228,2026-01-28 08:03:47,male,group D,high school,standard,none,57,50,54
S0229,2026-01-28 08:03:48,male,group A,some high school,free/reduced,none,68,72,64
S0230,2026-01-28 08:03:49,female,group C,some college,standard,completed,88,95,94
S0231,2026-01-28 08:03:50,male,group D,some college,standard,none,76,64,66
S0232,2026-01-28 08:03:51,male,group C,associate's degree,standard,none,46,43,42
S0233,2026-01-28 08:03:52,female,group B,bachelor's degree,standard,none,67,86,83
S0234,2026-01-28 08:03:53,male,group E,some high school,standard,none,92,87,78
S0235,2026-01-28 08:03:54,male,group C,bachelor's degree,standard,completed,83,82,84
S0236,2026-01-28 08:03:55,male,group D,associate's degree,standard,none,80,75,77
S0237,2026-01-28 08:03:56,male,group D,bachelor's degree,free/reduced,none,63,66,67
S0238,2026-01-28 08:03:57,female,group D,some high school,standard,completed,64,60,74
S0239,2026-01-28 08:03:58,male,group B,some college,standard,none,54,52,51
S0240,2026-01-28 08:03:59,male,group C,associate's degree,standard,none,84,80,80
S0241,2026-01-28 08:04:00,male,group D,high school,free/reduced,completed,73,68,66
S0242,2026-01-28 08:04:01,female,group E,bachelor's degree,standard,none,80,83,83
S0243,2026-01-28 08:04:02,female,group D,high school,standard,none,56,52,55
S0244,2026-01-28 08:04:03,male,group E,some college,standard,none,59,51,43
S0245,2026-01-28 08:04:04,male,group D,some high school,standard,none,75,74,69
S0246,2026-01-28 08:04:05,male,group C,associate's degree,standard,none,85,76,71
S0247,2026-01-28 08:04:06,male,group E,associate's degree,standard,none,89,76,74
S0248,2026-01-28 08:04:07,female,group B,high school,standard,completed,58,70,68
S0249,2026-01-28 08:04:08,female,group B,high school,standard,none,65,64,62
S0250,2026-01-28 08:04:09,male,group C,high school,standard,none,68,60,53
S0251,2026-01-28 08:04:10,male,group A,some high school,standard,completed,47,49,49
S0252,2026-01-28 08:04:11,female,group D,some college,free/reduced,none,71,83,83
S0253,2026-01-28 08:04:12,female,group B,some high school,standard,completed,60,70,70
S0254,2026-01-28 08:04:13,male,group D,master's degree,standard,none,80,80,72
S0255,2026-01-28 08:04:14,male,group D,high school,standard,none,54,52,52
S0256,2026-01-28 08:04:15,female,group E,some college,standard,none,62,73,70
S0257,2026-01-28 08:04:16,female,group C,associate's degree,free/reduced,none,64,73,68
S0258,2026-01-28 08:04:17,male,group C,associate's degree,standard,completed,78,77,77
S0259,2026-01-28 08:04:18,female,group B,some college,standard,none,70,75,78
S0260,2026-01-28 08:04:19,female,group C,master's degree,free/reduced,completed,65,81,81
S0261,2026-01-28 08:04:20,female,group C,some high school,free/reduced,completed,64,79,77
S0262,2026-01-28 08:04:21,male,group C,some college,standard,completed,79,79,78
S0263,2026-01-28 08:04:22,female,group C,some high school,free/reduced,none,44,50,51
S0264,2026-01-28 08:04:23,female,group E,high school,standard,none,99,93,90
S0265,2026-01-28 08:04:24,male,group D,high school,standard,none,76,73,68
S0266,2026-01-28 08:04:25,male,group D,some high school,free/reduced,none,59,42,41
S0267,2026-01-28 08:04:26,female,group C,bachelor's degree,standard,none,63,75,81
S0268,2026-01-28 08:04:27,female,group D,high school,standard,none,69,72,77
S0269,2026-01-28 08:04:28,female,group D,associate's degree,standard,completed,88,92,95
S0270,2026-01-28 08:04:29,female,group E,some college,free/reduced,none,71,76,70
S0271,2026-01-28 08:04:30,male,group C,bachelor's degree,standard,none,69,63,61
S0272,2026-01-28 08:04:31,male,group C,some college,standard,none,58,49,42
S0273,2026-01-28 08:04:32,female,group D,associate's degree,free/reduced,none,47,53,58
S0274,2026-01-28 08:04:33,female,group D,some college,standard,none,65,70,71
S0275,2026-01-28 08:04:34,male,group B,some college,standard,completed,88,85,76
S0276,2026-01-28 08:04:35,male,group C,bachelor's degree,standard,none,83,78,73
S0277,2026-01-28 08:04:36,female,group C,some high school,standard,completed,85,92,93
S0278,2026-01-28 08:04:37,female,group E,high school,standard,completed,59,63,75
S0279,2026-01-28 08:04:38,female,group C,some high school,free/reduced,none,65,86,80
S0280,2026-01-28 08:04:39,male,group B,bachelor's degree,free/reduced,none,73,56,57
S0281,2026-01-28 08:04:40,male,group D,high school,standard,none,53,52,42
S0282,2026-01-28 08:04:41,male,group D,high school,standard,none,45,48,46
S0283,2026-01-28 08:04:42,female,group D,bachelor's degree,free/reduced,none,73,79,84
S0284,2026-01-28 08:04:43,female,group D,some college,free/reduced,completed,70,78,78
S0285,2026-01-28 08:04:44,female,group B,some high school,standard,none,37,46,46
S0286,2026-01-28 08:04:45,male,group B,associate's degree,standard,completed,81,82,82
S0287,2026-01-28 08:04:46,male,group E,associate's degree,standard,completed,97,82,88
S0288,2026-01-28 08:04:47,female,group B,some high school,standard,none,67,89,82
S0289,2026-01-28 08:04:48,male,group B,bachelor's degree,free/reduced,none,88,75,76
S0290,2026-01-28 08:04:49,male,group E,some high school,standard,completed,77,76,77
S0291,2026-01-28 08:04:50,male,group C,associate's degree,standard,none,76,70,68
S0292,2026-01-28 08:04:51,male,group D,some high school,standard,none,86,73,70
S0293,2026-01-28 08:04:52,male,group C,some high school,standard,completed,63,60,57
S0294,2026-01-28 08:04:53,female,group E,bachelor's degree,standard,none,65,73,75
S0295,2026-01-28 08:04:54,male,group D,high school,free/reduced,completed,78,77,80
S0296,2026-01-28 08:04:55,male,group B,associate's degree,free/reduced,none,67,62,60
S0297,2026-01-28 08:04:56,male,group A,some high school,standard,completed,46,41,43
S0298,2026-01-28 08:04:57,male,group E,associate's degree,standard,completed,71,74,68
S0299,2026-01-28 08:04:58,male,group C,high school,free/reduced,completed,40,46,50
S0300,2026-01-28 08:04:59,male,group D,associate's degree,free/reduced,none,90,87,75
S0301,2026-01-28 08:05:00,male,group A,some college,free/reduced,completed,81,78,81
S0302,2026-01-28 08:05:01,male,group D,some high school,free/reduced,none,56,54,52
S0303,2026-01-28 08:05:02,female,group C,associate's degree,standard,completed,67,84,81
S0304,2026-01-28 08:05:03,male,group B,associate's degree,standard,none,80,76,64
S0305,2026-01-28 08:05:04,female,group C,associate's degree,standard,completed,74,75,83
S0306,2026-01-28 08:05:05,male,group A,some college,standard,none,69,67,69
S0307,2026-01-28 08:05:06,male,group E,some college,standard,completed,99,87,81
S0308,2026-01-28 08:05:07,male,group C,some high school,standard,none,51,52,44
S0309,2026-01-28 08:05:08,female,group B,associate's degree,free/reduced,none,53,71,67
S0310,2026-01-28 08:05:09,female,group D,high school,free/reduced,none,49,57,52
S0311,2026-01-28 08:05:10,female,group B,associate's degree,standard,none,73,76,80
S0312,2026-01-28 08:05:11,male,group B,bachelor's degree,standard,none,66,60,57
S0313,2026-01-28 08:05:12,male,group D,bachelor's degree,standard,completed,67,61,68
S0314,2026-01-28 08:05:13,female,group C,associate's degree,free/reduced,completed,68,67,69
S0315,2026-01-28 08:05:14,female,group C,bachelor's degree,standard,completed,59,64,75
S0316,2026-01-28 08:05:15,male,group C,high school,standard,none,71,66,65
S0317,2026-01-28 08:05:16,female,group D,master's degree,standard,completed,77,82,91
S0318,2026-01-28 08:05:17,male,group C,associate's degree,standard,none,83,72,78
S0319,2026-01-28 08:05:18,male,group B,bachelor's degree,standard,none,63,71,69
S0320,2026-01-28 08:05:19,female,group D,associate's degree,free/reduced,none,56,65,63
S0321,2026-01-28 08:05:20,female,group C,high school,free/reduced,completed,67,79,84
S0322,2026-01-28 08:05:21,female,group E,high school,standard,none,75,86,79
S0323,2026-01-28 08:05:22,female,group C,some college,standard,none,71,81,80
S0324,2026-01-28 08:05:23,female,group C,some high school,free/reduced,none,43,53,53
S0325,2026-01-28 08:05:24,female,group C,high school,free/reduced,none,41,46,43
S0326,2026-01-28 08:05:25,female,group C,some college,standard,none,82,90,94
S0327,2026-01-28 08:05:26,male,group C,some college,standard,none,61,61,62
S0328,2026-01-28 08:05:27,male,group A,some college,free/reduced,none,28,23,19
S0329,2026-01-28 08:05:28,male,group C,associate's degree,standard,completed,82,75,77
S0330,2026-01-28 08:05:29,female,group B,some high school,standard,none,41,55,51
S0331,2026-01-28 08:05:30,male,group C,high school,standard,none,71,60,61
S0332,2026-01-28 08:05:31,male,group C,associate's degree,standard,none,47,37,35
S0333,2026-01-28 08:05:32,male,group E,associate's degree,standard,completed,62,56,53
S0334,2026-01-28 08:05:33,male,group B,associate's degree,standard,none,90,78,81
S0335,2026-01-28 08:05:34,female,group C,bachelor's degree,standard,none,83,93,95
S0336,2026-01-28 08:05:35,female,group B,some college,free/reduced,none,61,68,66
S0337,2026-01-28 08:05:36,male,group D,some high school,standard,completed,76,70,69
S0338,2026-01-28 08:05:37,male,group C,associate's degree,standard,none,49,51,43
S0339,2026-01-28 08:05:38,female,group B,some high school,free/reduced,none,24,38,27
S0340,2026-01-28 08:05:39,female,group D,some high school,free/reduced,completed,35,55,60
S0341,2026-01-28 08:05:40,male,group C,high school,free/reduced,none,58,61,52
S0342,2026-01-28 08:05:41,female,group C,high school,standard,none,61,73,63
S0343,2026-01-28 08:05:42,female,group B,high school,standard,completed,69,76,74
S0344,2026-01-28 08:05:43,male,group D,associate's degree,standard,completed,67,72,67
S0345,2026-01-28 08:05:44,male,group D,some college,standard,none,79,73,67
S0346,2026-01-28 08:05:45,female,group C,high school,standard,none,72,80,75
S0347,2026-01-28 08:05:46,male,group B,some college,standard,none,62,61,57
S0348,2026-01-28 08:05:47,female,group C,bachelor's degree,standard,completed,77,94,95
S0349,2026-01-28 08:05:48,male,group D,high school,free/reduced,none,75,74,66
S0350,2026-01-28 08:05:49,male,group E,associate's degree,standard,none,87,74,76
S0351,2026-01-28 08:05:50,female,group B,bachelor's degree,standard,none,52,65,69
S0352,2026-01-28 08:05:51,male,group E,some college,standard,none,66,57,52
S0353,2026-01-28 08:05:52,female,group C,some college,standard,completed,63,78,80
S0354,2026-01-28 08:05:53,female,group C,associate's degree,standard,none,46,58,57
S0355,2026-01-28 08:05:54,female,group C,some college,standard,none,59,71,70
S0356,2026-01-28 08:05:55,female,group B,bachelor's degree,standard,none,61,72,70
S0357,2026-01-28 08:05:56,male,group A,associate's degree,standard,none,63,61,61
S0358,2026-01-28 08:05:57,female,group C,some college,free/reduced,completed,42,66,69
S0359,2026-01-28 08:05:58,male,group D,some college,free/reduced,none,59,62,61
S0360,2026-01-28 08:05:59,female,group D,some college,standard,none,80,90,89
S0361,2026-01-28 08:06:00,female,group B,high school,standard,none,58,62,59
S0362,2026-01-28 08:06:01,male,group B,some high school,standard,completed,85,84,78
S0363,2026-01-28 08:06:02,female,group C,some college,standard,none,52,58,58
S0364,2026-01-28 08:06:03,female,group D,some high school,free/reduced,none,27,34,32
S0365,2026-01-28 08:06:04,male,group C,some college,standard,none,59,60,58
S0366,2026-01-28 08:06:05,male,group A,bachelor's degree,free/reduced,completed,49,58,60
S0367,2026-01-28 08:06:06,male,group C,high school,standard,completed,69,58,53
S0368,2026-01-28 08:06:07,male,group C,bachelor's degree,free/reduced,none,61,66,61
S0369,2026-01-28 08:06:08,female,group A,some high school,free/reduced,none,44,64,58
S0370,2026-01-28 08:06:09,female,group D,some high school,standard,none,73,84,85
S0371,2026-01-28 08:06:10,male,group E,some college,standard,none,84,77,71
S0372,2026-01-28 08:06:11,female,group C,some college,free/reduced,completed,45,73,70
S0373,2026-01-28 08:06:12,male,group D,some high school,standard,none,74,74,72
S0374,2026-01-28 08:06:13,female,group D,some college,standard,completed,82,97,96
S0375,2026-01-28 08:06:14,female,group D,bachelor's degree,standard,none,59,70,73
S0376,2026-01-28 08:06:15,male,group E,associate's degree,free/reduced,none,46,43,41
S0377,2026-01-28 08:06:16,female,group D,some high school,standard,none,80,90,82
S0378,2026-01-28 08:06:17,female,group D,master's degree,free/reduced,completed,85,95,100
S0379,2026-01-28 08:06:18,female,group A,some high school,standard,none,71,83,77
S0380,2026-01-28 08:06:19,male,group A,bachelor's degree,standard,none,66,64,62
S0381,2026-01-28 08:06:20,female,group B,associate's degree,standard,none,80,86,83
S0382,2026-01-28 08:06:21,male,group C,associate's degree,standard,completed,87,100,95
S0383,2026-01-28 08:06:22,male,group C,master's degree,free/reduced,none,79,81,71
S0384,2026-01-28 08:06:23,female,group E,some high school,free/reduced,none,38,49,45
S0385,2026-01-28 08:06:24,female,group A,some high school,free/reduced,none,38,43,43
S0386,2026-01-28 08:06:25,female,group E,some college,standard,none,67,76,75
S0387,2026-01-28 08:06:26,female,group E,bachelor's degree,standard,none,64,73,70
S0388,2026-01-28 08:06:27,female,group C,associate's degree,free/reduced,none,57,78,67
S0389,2026-01-28 08:06:28,female,group D,high school,standard,none,62,64,64
S0390,2026-01-28 08:06:29,male,group D,master's degree,standard,none,73,70,75
S0391,2026-01-28 08:06:30,male,group E,some high school,free/reduced,completed,73,67,59
S0392,2026-01-28 08:06:31,female,group D,some college,standard,none,77,68,77
S0393,2026-01-28 08:06:32,male,group E,some college,standard,none,76,67,67
S0394,2026-01-28 08:06:33,male,group C,associate's degree,standard,completed,57,54,56
S0395,2026-01-28 08:06:34,female,group C,some high school,standard,completed,65,74,77
S0396,2026-01-28 08:06:35,male,group A,high school,free/reduced,none,48,45,41
S0397,2026-01-28 08:06:36,female,group B,high school,free/reduced,none,50,67,63
S0398,2026-01-28 08:06:37,female,group C,associate's degree,standard,none,85,89,95
S0399,2026-01-28 08:06:38,male,group B,some high school,standard,none,74,63,57
S0400,2026-01-28 08:06:39,male,group D,some high school,standard,none,60,59,54
S0401,2026-01-28 08:06:40,female,group C,some high school,standard,completed,59,54,67
S0402,2026-01-28 08:06:41,male,group A,some college,standard,none,53,43,43
S0403,2026-01-28 08:06:42,female,group A,some college,free/reduced,none,49,65,55
S0404,2026-01-28 08:06:43,female,group D,high school,standard,completed,88,99,100
S0405,2026-01-28 08:06:44,female,group C,high school,standard,none,54,59,62
S0406,2026-01-28 08:06:45,female,group C,some high school,standard,none,63,73,68
S0407,2026-01-28 08:06:46,male,group B,associate's degree,standard,completed,65,65,63
S0408,2026-01-28 08:06:47,female,group B,associate's degree,standard,none,82,80,77
S0409,2026-01-28 08:06:48,female,group D,high school,free/reduced,completed,52,57,56
S0410,2026-01-28 08:06:49,male,group D,associate's degree,standard,completed,87,84,85
S0411,2026-01-28 08:06:50,female,group D,master's degree,standard,completed,70,71,74
S0412,2026-01-28 08:06:51,male,group E,some college,standard,completed,84,83,78
S0413,2026-01-28 08:06:52,male,group D,associate's degree,standard,none,71,66,60
S0414,2026-01-28 08:06:53,male,group B,some high school,standard,completed,63,67,67
S0415,2026-01-28 08:06:54,female,group C,bachelor's degree,free/reduced,completed,51,72,79
S0416,2026-01-28 08:06:55,male,group E,high school,standard,none,84,73,69
S0417,2026-01-28 08:06:56,male,group C,bachelor's degree,standard,completed,71,74,68
S0418,2026-01-28 08:06:57,male,group C,associate's degree,standard,none,74,73,67
S0419,2026-01-28 08:06:58,male,group D,some college,standard,none,68,59,62
S0420,2026-01-28 08:06:59,male,group E,high school,free/reduced,completed,57,56,54
S0421,2026-01-28 08:07:00,female,group C,associate's degree,free/reduced,completed,82,93,93
S0422,2026-01-28 08:07:01,female,group D,high school,standard,completed,57,58,64
S0423,2026-01-28 08:07:02,female,group D,master's degree,free/reduced,completed,47,58,67
S0424,2026-01-28 08:07:03,female,group A,some high school,standard,completed,59,85,80
S0425,2026-01-28 08:07:04,male,group B,some college,free/reduced,none,41,39,34
S0426,2026-01-28 08:07:05,female,group C,some college,free/reduced,none,62,67,62
S0427,2026-01-28 08:07:06,male,group C,bachelor's degree,standard,none,86,83,86
S0428,2026-01-28 08:07:07,male,group C,some high school,free/reduced,none,69,71,65
S0429,2026-01-28 08:07:08,male,group A,some high school,free/reduced,none,65,59,53
S0430,2026-01-28 08:07:09,male,group C,some high school,free/reduced,none,68,63,54
S0431,2026-01-28 08:07:10,male,group C,associate's degree,free/reduced,none,64,66,59
S0432,2026-01-28 08:07:11,female,group C,high school,standard,none,61,72,70
S0433,2026-01-28 08:07:12,male,group C,high school,standard,none,61,56,55
S0434,2026-01-28 08:07:13,female,group A,some high school,free/reduced,none,47,59,50
S0435,2026-01-28 08:07:14,male,group C,some high school,standard,none,73,66,66
S0436,2026-01-28 08:07:15,male,group C,some college,free/reduced,completed,50,48,53
S0437,2026-01-28 08:07:16,male,group D,associate's degree,standard,none,75,68,64
S0438,2026-01-28 08:07:17,male,group D,associate's degree,free/reduced,none,75,66,73
S0439,2026-01-28 08:07:18,male,group C,high school,standard,none,70,56,51
S0440,2026-01-28 08:07:19,male,group D,some high school,standard,completed,89,88,82
S0441,2026-01-28 08:07:20,female,group C,some college,standard,completed,67,81,79
S0442,2026-01-28 08:07:21,female,group D,high school,standard,none,78,81,80
S0443,2026-01-28 08:07:22,female,group A,some high school,free/reduced,none,59,73,69
S0444,2026-01-28 08:07:23,female,group B,associate's degree,standard,none,73,83,76
S0445,2026-01-28 08:07:24,male,group A,some high school,free/reduced,none,79,82,73
S0446,2026-01-28 08:07:25,female,group C,some high school,standard,completed,67,74,77
S0447,2026-01-28 08:07:26,male,group D,some college,free/reduced,none,69,66,60
S0448,2026-01-28 08:07:27,male,group C,high school,standard,completed,86,81,80
S0449,2026-01-28 08:07:28,male,group B,high school,standard,none,47,46,42
S0450,2026-01-28 08:07:29,male,group B,associate's degree,standard,none,81,73,72
S0451,2026-01-28 08:07:30,female,group C,some college,free/reduced,completed,64,85,85
S0452,2026-01-28 08:07:31,female,group E,some college,standard,none,100,92,97
S0453,2026-01-28 08:07:32,female,group C,associate's degree,free/reduced,none,65,77,74
S0454,2026-01-28 08:07:33,male,group C,some college,free/reduced,none,65,58,49
S0455,2026-01-28 08:07:34,female,group C,associate's degree,free/reduced,none,53,61,62
S0456,2026-01-28 08:07:35,male,group C,bachelor's degree,free/reduced,none,37,56,47
S0457,2026-01-28 08:07:36,female,group D,bachelor's degree,standard,none,79,89,89
S0458,2026-01-28 08:07:37,male,group D,associate's degree,free/reduced,none,53,54,48
S0459,2026-01-28 08:07:38,female,group E,bachelor's degree,standard,none,100,100,100
S0460,2026-01-28 08:07:39,male,group B,high school,standard,completed,72,65,68
S0461,2026-01-28 08:07:40,male,group C,bachelor's degree,free/reduced,none,53,58,55
S0462,2026-01-28 08:07:41,male,group B,some college,free/reduced,none,54,54,45
S0463,2026-01-28 08:07:42,female,group E,some college,standard,none,71,70,76
S0464,2026-01-28 08:07:43,female,group C,some college,free/reduced,none,77,90,91
S0465,2026-01-28 08:07:44,male,group A,bachelor's degree,standard,completed,75,58,62
S0466,2026-01-28 08:07:45,female,group C,some college,standard,none,84,87,91
S0467,2026-01-28 08:07:46,female,group D,associate's degree,free/reduced,none,26,31,38
S0468,2026-01-28 08:07:47,male,group A,high school,free/reduced,completed,72,67,65
S0469,2026-01-28 08:07:48,female,group A,high school,free/reduced,completed,77,88,85
S0470,2026-01-28 08:07:49,male,group C,some college,standard,none,91,74,76
S0471,2026-01-28 08:07:50,female,group C,associate's degree,standard,completed,83,85,90
S0472,2026-01-28 08:07:51,female,group C,high school,standard,none,63,69,74
S0473,2026-01-28 08:07:52,female,group C,associate's degree,standard,completed,68,86,84
S0474,2026-01-28 08:07:53,female,group D,some high school,standard,none,59,67,61
S0475,2026-01-28 08:07:54,female,group B,associate's degree,standard,completed,90,90,91
S0476,2026-01-28 08:07:55,female,group D,bachelor's degree,standard,completed,71,76,83
S0477,2026-01-28 08:07:56,male,group E,bachelor's degree,standard,completed,76,62,66
S0478,2026-01-28 08:07:57,male,group D,associate's degree,standard,none,80,68,72
S0479,2026-01-28 08:07:58,female,group D,master's degree,standard,none,55,64,70
S0480,2026-01-28 08:07:59,male,group E,associate's degree,standard,none,76,71,67
S0481,2026-01-28 08:08:00,male,group B,high school,standard,completed,73,71,68
S0482,2026-01-28 08:08:01,female,group D,associate's degree,free/reduced,none,52,59,56
S0483,2026-01-28 08:08:02,male,group C,some college,free/reduced,none,68,68,61
S0484,2026-01-28 08:08:03,male,group A,high school,standard,none,59,52,46
S0485,2026-01-28 08:08:04,female,group B,associate's degree,standard,none,49,52,54
S0486,2026-01-28 08:08:05,male,group C,high school,standard,none,70,74,71
S0487,2026-01-28 08:08:06,male,group D,some college,free/reduced,none,61,47,56
S0488,2026-01-28 08:08:07,female,group C,associate's degree,free/reduced,none,60,75,74
S0489,2026-01-28 08:08:08,male,group B,some high school,standard,completed,64,53,57
S0490,2026-01-28 08:08:09,male,group A,associate's degree,free/reduced,completed,79,82,82
S0491,2026-01-28 08:08:10,female,group A,associate's degree,free/reduced,none,65,85,76
S0492,2026-01-28 08:08:11,female,group C,associate's degree,standard,none,64,64,70
S0493,2026-01-28 08:08:12,female,group C,some college,standard,none,83,83,90
S0494,2026-01-28 08:08:13,female,group C,bachelor's degree,standard,none,81,88,90
S0495,2026-01-28 08:08:14,female,group B,high school,standard,none,54,64,68
S0496,2026-01-28 08:08:15,male,group D,high school,standard,completed,68,64,66
S0497,2026-01-28 08:08:16,female,group C,some college,standard,none,54,48,52
S0498,2026-01-28 08:08:17,female,group D,some college,free/reduced,completed,59,78,76
S0499,2026-01-28 08:08:18,female,group B,some high school,standard,none,66,69,68
S0500,2026-01-28 08:08:19,male,group E,some college,standard,none,76,71,72
S0501,2026-01-28 08:08:20,female,group D,master's degree,standard,none,74,79,82
S0502,2026-01-28 08:08:21,female,group B,associate's degree,standard,completed,94,87,92
S0503,2026-01-28 08:08:22,male,group C,some college,free/reduced,none,63,61,54
S0504,2026-01-28 08:08:23,female,group E,associate's degree,standard,completed,95,89,92
S0505,2026-01-28 08:08:24,female,group D,master's degree,free/reduced,none,40,59,54
S0506,2026-01-28 08:08:25,female,group B,some high school,standard,none,82,82,80
S0507,2026-01-28 08:08:26,male,group A,high school,standard,none,68,70,66
S0508,2026-01-28 08:08:27,male,group B,bachelor's degree,free/reduced,none,55,59,54
S0509,2026-01-28 08:08:28,male,group C,master's degree,standard,none,79,78,77
S0510,2026-01-28 08:08:29,female,group C,bachelor's degree,standard,none,86,92,87
S0511,2026-01-28 08:08:30,male,group D,some college,standard,none,76,71,73
S0512,2026-01-28 08:08:31,male,group A,some high school,standard,none,64,50,43
S0513,2026-01-28 08:08:32,male,group D,some high school,free/reduced,none,62,49,52
S0514,2026-01-28 08:08:33,female,group B,some high school,standard,completed,54,61,62
S0515,2026-01-28 08:08:34,female,group B,master's degree,free/reduced,completed,77,97,94
S0516,2026-01-28 08:08:35,female,group C,some high school,standard,completed,76,87,85
S0517,2026-01-28 08:08:36,female,group D,some college,standard,none,74,89,84
S0518,2026-01-28 08:08:37,female,group E,some college,standard,completed,66,74,73
S0519,2026-01-28 08:08:38,female,group D,some high school,standard,completed,66,78,78
S0520,2026-01-28 08:08:39,female,group B,high school,free/reduced,completed,67,78,79
S0521,2026-01-28 08:08:40,male,group D,some college,standard,none,71,49,52
S0522,2026-01-28 08:08:41,female,group C,associate's degree,standard,none,91,86,84
S0523,2026-01-28 08:08:42,male,group D,bachelor's degree,standard,none,69,58,57
S0524,2026-01-28 08:08:43,male,group C,master's degree,free/reduced,none,54,59,50
S0525,2026-01-28 08:08:44,male,group C,high school,standard,completed,53,52,49
S0526,2026-01-28 08:08:45,male,group E,some college,standard,none,68,60,59
S0527,2026-01-28 08:08:46,male,group C,some high school,free/reduced,completed,56,61,60
S0528,2026-01-28 08:08:47,female,group C,high school,free/reduced,none,36,53,43
S0529,2026-01-28 08:08:48,female,group D,bachelor's degree,free/reduced,none,29,41,47
S0530,2026-01-28 08:08:49,female,group C,associate's degree,standard,none,62,74,70
S0531,2026-01-28 08:08:50,female,group C,associate's degree,standard,completed,68,67,73
S0532,2026-01-28 08:08:51,female,group C,some high school,standard,none,47,54,53
S0533,2026-01-28 08:08:52,male,group E,associate's degree,standard,completed,62,61,58
S0534,2026-01-28 08:08:53,female,group E,associate's degree,standard,completed,79,88,94
S0535,2026-01-28 08:08:54,male,group B,high school,standard,completed,73,69,68
S0536,2026-01-28 08:08:55,female,group C,bachelor's degree,free/reduced,completed,66,83,83
S0537,2026-01-28 08:08:56,male,group C,associate's degree,standard,completed,51,60,58
S0538,2026-01-28 08:08:57,female,group D,high school,standard,none,51,66,62
S0539,2026-01-28 08:08:58,male,group E,bachelor's degree,standard,completed,85,66,71
S0540,2026-01-28 08:08:59,male,group A,associate's degree,standard,completed,97,92,86
S0541,2026-01-28 08:09:00,male,group C,high school,standard,completed,75,69,68
S0542,2026-01-28 08:09:01,male,group D,associate's degree,free/reduced,completed,79,82,80
S0543,2026-01-28 08:09:02,female,group C,associate's degree,standard,none,81,77,79
S0544,2026-01-28 08:09:03,female,group D,associate's degree,standard,none,82,95,89
S0545,2026-01-28 08:09:04,female,group D,master's degree,standard,none,64,63,66
S0546,2026-01-28 08:09:05,male,group E,some high school,free/reduced,completed,78,83,80
S0547,2026-01-28 08:09:06,female,group A,some high school,standard,completed,92,100,97
S0548,2026-01-28 08:09:07,male,group C,high school,standard,completed,72,67,64
S0549,2026-01-28 08:09:08,female,group C,high school,free/reduced,none,62,67,64
S0550,2026-01-28 08:09:09,male,group C,master's degree,standard,none,79,72,69
S0551,2026-01-28 08:09:10,male,group C,some high school,free/reduced,none,79,76,65
S0552,2026-01-28 08:09:11,male,group B,bachelor's degree,free/reduced,completed,87,90,88
S0553,2026-01-28 08:09:12,female,group B,associate's degree,standard,none,40,48,50
S0554,2026-01-28 08:09:13,male,group D,some college,free/reduced,none,77,62,64
S0555,2026-01-28 08:09:14,male,group E,associate's degree,standard,none,53,45,40
S0556,2026-01-28 08:09:15,female,group C,some college,free/reduced,none,32,39,33
S0557,2026-01-28 08:09:16,female,group C,associate's degree,standard,completed,55,72,79
S0558,2026-01-28 08:09:17,male,group C,master's degree,free/reduced,none,61,67,66
S0559,2026-01-28 08:09:18,female,group B,associate's degree,free/reduced,none,53,70,70
S0560,2026-01-28 08:09:19,male,group D,some high school,standard,none,73,66,62
S0561,2026-01-28 08:09:20,female,group D,some college,standard,completed,74,75,79
S0562,2026-01-28 08:09:21,female,group C,some college,standard,none,63,74,74
S0563,2026-01-28 08:09:22,male,group C,bachelor's degree,standard,completed,96,90,92
S0564,2026-01-28 08:09:23,female,group D,some college,free/reduced,completed,63,80,80
S0565,2026-01-28 08:09:24,male,group B,bachelor's degree,free/reduced,none,48,51,46
S0566,2026-01-28 08:09:25,male,group B,associate's degree,standard,none,48,43,45
S0567,2026-01-28 08:09:26,female,group E,bachelor's degree,free/reduced,completed,92,100,100
S0568,2026-01-28 08:09:27,female,group D,master's degree,free/reduced,completed,61,71,78
S0569,2026-01-28 08:09:28,male,group B,high school,free/reduced,none,63,48,47
S0570,2026-01-28 08:09:29,male,group D,bachelor's degree,free/reduced,none,68,68,67
S0571,2026-01-28 08:09:30,male,group B,some college,standard,completed,71,75,70
S0572,2026-01-28 08:09:31,male,group A,bachelor's degree,standard,none,91,96,92
S0573,2026-01-28 08:09:32,female,group C,some college,standard,none,53,62,56
S0574,2026-01-28 08:09:33,female,group C,high school,free/reduced,completed,50,66,64
S0575,2026-01-28 08:09:34,female,group E,high school,standard,none,74,81,71
S0576,2026-01-28 08:09:35,male,group A,associate's degree,free/reduced,completed,40,55,53
S0577,2026-01-28 08:09:36,male,group A,some college,standard,completed,61,51,52
S0578,2026-01-28 08:09:37,female,group B,high school,standard,none,81,91,89
S0579,2026-01-28 08:09:38,female,group B,some college,free/reduced,completed,48,56,58
S0580,2026-01-28 08:09:39,female,group D,master's degree,standard,none,53,61,68
S0581,2026-01-28 08:09:40,female,group D,some high school,standard,none,81,97,96
S0582,2026-01-28 08:09:41,female,group E,some high school,standard,none,77,79,80
S0583,2026-01-28 08:09:42,female,group D,bachelor's degree,free/reduced,none,63,73,78
S0584,2026-01-28 08:09:43,female,group D,associate's degree,standard,completed,73,75,80
S0585,2026-01-28 08:09:44,female,group D,some college,standard,none,69,77,77
S0586,2026-01-28 08:09:45,female,group C,associate's degree,standard,none,65,76,76
S0587,2026-01-28 08:09:46,female,group A,high school,standard,none,55,73,73
S0588,2026-01-28 08:09:47,female,group C,bachelor's degree,free/reduced,none,44,63,62
S0589,2026-01-28 08:09:48,female,group C,some college,standard,none,54,64,65
S0590,2026-01-28 08:09:49,female,group A,some high school,standard,none,48,66,65
S0591,2026-01-28 08:09:50,male,group C,some college,free/reduced,none,58,57,54
S0592,2026-01-28 08:09:51,male,group A,some high school,standard,none,71,62,50
S0593,2026-01-28 08:09:52,male,group E,bachelor's degree,standard,none,68,68,64
S0594,2026-01-28 08:09:53,female,group E,high school,standard,none,74,76,73
S0595,2026-01-28 08:09:54,female,group C,bachelor's degree,standard,completed,92,100,99
S0596,2026-01-28 08:09:55,female,group C,bachelor's degree,standard,completed,56,79,72
S0597,2026-01-28 08:09:56,male,group B,high school,free/reduced,none,30,24,15
S0598,2026-01-28 08:09:57,male,group A,some high school,standard,none,53,54,48
S0599,2026-01-28 08:09:58,female,group D,high school,standard,none,69,77,73
S0600,2026-01-28 08:09:59,female,group D,some high school,standard,none,65,82,81
S0601,2026-01-28 08:10:00,female,group D,master's degree,standard,none,54,60,63
S0602,2026-01-28 08:10:01,female,group C,high school,standard,none,29,29,30
S0603,2026-01-28 08:10:02,female,group E,some college,standard,none,76,78,80
S0604,2026-01-28 08:10:03,male,group D,high school,free/reduced,none,60,57,51
S0605,2026-01-28 08:10:04,male,group D,master's degree,free/reduced,completed,84,89,90
S0606,2026-01-28 08:10:05,male,group C,some high school,standard,none,75,72,62
S0607,2026-01-28 08:10:06,female,group C,associate's degree,standard,none,85,84,82
S0608,2026-01-28 08:10:07,female,group C,master's degree,free/reduced,none,40,58,54
S0609,2026-01-28 08:10:08,female,group E,some college,standard,none,61,64,62
S0610,2026-01-28 08:10:09,female,group B,associate's degree,standard,none,58,63,65
S0611,2026-01-28 08:10:10,male,group D,some college,free/reduced,completed,69,60,63
S0612,2026-01-28 08:10:11,female,group C,some college,standard,none,58,59,66
S0613,2026-01-28 08:10:12,male,group C,bachelor's degree,standard,completed,94,90,91
S0614,2026-01-28 08:10:13,female,group C,associate's degree,standard,none,65,77,74
S0615,2026-01-28 08:10:14,female,group A,associate's degree,standard,none,82,93,93
S0616,2026-01-28 08:10:15,female,group C,high school,standard,none,60,68,72
S0617,2026-01-28 08:10:16,female,group E,bachelor's degree,standard,none,37,45,38
S0618,2026-01-28 08:10:17,male,group D,bachelor's degree,standard,none,88,78,83
S0619,2026-01-28 08:10:18,male,group D,master's degree,standard,none,95,81,84
S0620,2026-01-28 08:10:19,male,group C,associate's degree,free/reduced,completed,65,73,68
S0621,2026-01-28 08:10:20,female,group C,high school,free/reduced,none,35,61,54
S0622,2026-01-28 08:10:21,male,group B,bachelor's degree,free/reduced,none,62,63,56
S0623,2026-01-28 08:10:22,male,group C,high school,free/reduced,completed,58,51,52
S0624,2026-01-28 08:10:23,male,group A,some college,standard,completed,100,96,86
S0625,2026-01-28 08:10:24,female,group E,bachelor's degree,free/reduced,none,61,58,62
S0626,2026-01-28 08:10:25,male,group D,some college,standard,completed,100,97,99
S0627,2026-01-28 08:10:26,male,group B,associate's degree,free/reduced,completed,69,70,63
S0628,2026-01-28 08:10:27,male,group D,associate's degree,standard,none,61,48,46
S0629,2026-01-28 08:10:28,male,group D,some college,free/reduced,none,49,57,46
S0630,2026-01-28 08:10:29,female,group C,some high school,standard,completed,44,51,55
S0631,2026-01-28 08:10:30,male,group D,some college,standard,none,67,64,70
S0632,2026-01-28 08:10:31,male,group B,high school,standard,none,79,60,65
S0633,2026-01-28 08:10:32,female,group B,bachelor's degree,standard,completed,66,74,81
S0634,2026-01-28 08:10:33,female,group C,high school,standard,none,75,88,85
S0635,2026-01-28 08:10:34,male,group D,some high school,standard,none,84,84,80
S0636,2026-01-28 08:10:35,male,group A,high school,standard,none,71,74,64
S0637,2026-01-28 08:10:36,female,group B,high school,free/reduced,completed,67,80,81
S0638,2026-01-28 08:10:37,female,group D,some high school,standard,completed,80,92,88
S0639,2026-01-28 08:10:38,male,group E,some college,standard,none,86,76,74
S0640,2026-01-28 08:10:39,female,group D,associate's degree,standard,none,76,74,73
S0641,2026-01-28 08:10:40,male,group D,high school,standard,none,41,52,51
S0642,2026-01-28 08:10:41,female,group D,associate's degree,free/reduced,completed,74,88,90
S0643,2026-01-28 08:10:42,female,group B,some high school,free/reduced,none,72,81,79
S0644,2026-01-28 08:10:43,female,group E,high school,standard,completed,74,79,80
S0645,2026-01-28 08:10:44,male,group B,high school,standard,none,70,65,60
S0646,2026-01-28 08:10:45,female,group B,bachelor's degree,standard,completed,65,81,81
S0647,2026-01-28 08:10:46,female,group D,associate's degree,standard,none,59,70,65
S0648,2026-01-28 08:10:47,female,group E,high school,free/reduced,none,64,62,68
S0649,2026-01-28 08:10:48,female,group B,high school,standard,none,50,53,55
S0650,2026-01-28 08:10:49,female,group D,some college,standard,completed,69,79,81
S0651,2026-01-28 08:10:50,male,group C,some high school,free/reduced,completed,51,56,53
S0652,2026-01-28 08:10:51,female,group A,high school,standard,completed,68,80,76
S0653,2026-01-28 08:10:52,female,group D,some college,standard,completed,85,86,98
S0654,2026-01-28 08:10:53,female,group A,associate's degree,standard,completed,65,70,74
S0655,2026-01-28 08:10:54,female,group B,some high school,standard,none,73,79,79
S0656,2026-01-28 08:10:55,female,group B,some college,standard,none,62,67,67
S0657,2026-01-28 08:10:56,male,group C,associate's degree,free/reduced,none,77,67,64
S0658,2026-01-28 08:10:57,male,group D,some high school,standard,none,69,66,61
S0659,2026-01-28 08:10:58,female,group D,associate's degree,free/reduced,none,43,60,58
S0660,2026-01-28 08:10:59,male,group D,associate's degree,standard,none,90,87,85
S0661,2026-01-28 08:11:00,male,group C,some college,free/reduced,none,74,77,73
S0662,2026-01-28 08:11:01,male,group C,some high school,standard,none,73,66,63
S0663,2026-01-28 08:11:02,female,group D,some college,free/reduced,none,55,71,69
S0664,2026-01-28 08:11:03,female,group C,high school,standard,none,65,69,67
S0665,2026-01-28 08:11:04,male,group D,associate's degree,standard,none,80,63,63
S0666,2026-01-28 08:11:05,female,group C,some high school,free/reduced,completed,50,60,60
S0667,2026-01-28 08:11:06,female,group C,some college,free/reduced,completed,63,73,71
S0668,2026-01-28 08:11:07,female,group B,bachelor's degree,free/reduced,none,77,85,87
S0669,2026-01-28 08:11:08,male,group C,some college,standard,none,73,74,61
S0670,2026-01-28 08:11:09,male,group D,associate's degree,standard,completed,81,72,77
S0671,2026-01-28 08:11:10,female,group C,high school,free/reduced,none,66,76,68
S0672,2026-01-28 08:11:11,male,group D,associate's degree,free/reduced,none,52,57,50
S0673,2026-01-28 08:11:12,female,group C,some college,standard,none,69,78,76
S0674,2026-01-28 08:11:13,female,group C,associate's degree,standard,completed,65,84,84
S0675,2026-01-28 08:11:14,female,group D,high school,standard,completed,69,77,78
S0676,2026-01-28 08:11:15,female,group B,some college,standard,completed,50,64,66
S0677,2026-01-28 08:11:16,female,group E,some college,standard,completed,73,78,76
S0678,2026-01-28 08:11:17,female,group C,some high school,standard,completed,70,82,76
S0679,2026-01-28 08:11:18,male,group D,associate's degree,free/reduced,none,81,75,78
S0680,2026-01-28 08:11:19,male,group D,some college,free/reduced,none,63,61,60
S0681,2026-01-28 08:11:20,female,group D,high school,standard,none,67,72,74
S0682,2026-01-28 08:11:21,male,group B,high school,standard,none,60,68,60
S0683,2026-01-28 08:11:22,male,group B,high school,standard,none,62,55,54
S0684,2026-01-28 08:11:23,female,group C,some high school,free/reduced,completed,29,40,44
S0685,2026-01-28 08:11:24,male,group B,some college,standard,completed,62,66,68
S0686,2026-01-28 08:11:25,female,group E,master's degree,standard,completed,94,99,100
S0687,2026-01-28 08:11:26,male,group E,some college,standard,completed,85,75,68
S0688,2026-01-28 08:11:27,male,group D,associate's degree,free/reduced,none,77,78,73
S0689,2026-01-28 08:11:28,male,group A,high school,free/reduced,none,53,58,44
S0690,2026-01-28 08:11:29,male,group E,some college,free/reduced,none,93,90,83
S0691,2026-01-28 08:11:30,female,group C,associate's degree,standard,none,49,53,53
S0692,2026-01-28 08:11:31,female,group E,associate's degree,free/reduced,none,73,76,78
S0693,2026-01-28 08:11:32,female,group C,bachelor's degree,free/reduced,completed,66,74,81
S0694,2026-01-28 08:11:33,female,group D,associate's degree,standard,none,77,77,73
S0695,2026-01-28 08:11:34,female,group C,some high school,standard,none,49,63,56
S0696,2026-01-28 08:11:35,female,group D,some college,free/reduced,none,79,89,86
S0697,2026-01-28 08:11:36,female,group C,associate's degree,standard,completed,75,82,90
S0698,2026-01-28 08:11:37,female,group A,bachelor's degree,standard,none,59,72,70
S0699,2026-01-28 08:11:38,female,group D,associate's degree,standard,completed,57,78,79
S0700,2026-01-28 08:11:39,male,group C,high school,free/reduced,none,66,66,59
S0701,2026-01-28 08:11:40,female,group E,bachelor's degree,standard,completed,79,81,82
S0702,2026-01-28 08:11:41,female,group B,some high school,standard,none,57,67,72
S0703,2026-01-28 08:11:42,male,group A,bachelor's degree,standard,completed,87,84,87
S0704,2026-01-28 08:11:43,female,group D,some college,standard,none,63,64,67
S0705,2026-01-28 08:11:44,female,group B,some high school,free/reduced,completed,59,63,64
S0706,2026-01-28 08:11:45,male,group A,bachelor's degree,free/reduced,none,62,72,65
S0707,2026-01-28 08:11:46,male,group D,high school,standard,none,46,34,36
S0708,2026-01-28 08:11:47,male,group C,some college,standard,none,66,59,52
S0709,2026-01-28 08:11:48,male,group D,high school,standard,none,89,87,79
S0710,2026-01-28 08:11:49,female,group D,associate's degree,free/reduced,completed,42,61,58
S0711,2026-01-28 08:11:50,male,group C,some college,standard,completed,93,84,90
S0712,2026-01-28 08:11:51,female,group E,some high school,standard,completed,80,85,85
S0713,2026-01-28 08:11:52,female,group D,some college,standard,none,98,100,99
S0714,2026-01-28 08:11:53,male,group D,master's degree,standard,none,81,81,84
S0715,2026-01-28 08:11:54,female,group B,some high school,standard,completed,60,70,74
S0716,2026-01-28 08:11:55,female,group B,associate's degree,free/reduced,completed,76,94,87
S0717,2026-01-28 08:11:56,male,group C,associate's degree,standard,completed,73,78,72
S0718,2026-01-28 08:11:57,female,group C,associate's degree,standard,completed,96,96,99
S0719,2026-01-28 08:11:58,female,group C,high school,standard,none,76,76,74
S0720,2026-01-28 08:11:59,male,group E,associate's degree,free/reduced,completed,91,73,80
S0721,2026-01-28 08:12:00,female,group C,some college,free/reduced,none,62,72,70
S0722,2026-01-28 08:12:01,male,group D,some high school,free/reduced,completed,55,59,59
S0723,2026-01-28 08:12:02,female,group B,some high school,free/reduced,completed,74,90,88
S0724,2026-01-28 08:12:03,male,group C,high school,standard,none,50,48,42
S0725,2026-01-28 08:12:04,male,group B,some college,standard,none,47,43,41
S0726,2026-01-28 08:12:05,male,group E,some college,standard,completed,81,74,71
S0727,2026-01-28 08:12:06,female,group E,associate's degree,standard,completed,65,75,77
S0728,2026-01-28 08:12:07,male,group E,some high school,standard,completed,68,51,57
S0729,2026-01-28 08:12:08,female,group D,high school,free/reduced,none,73,92,84
S0730,2026-01-28 08:12:09,male,group C,some college,standard,none,53,39,37
S0731,2026-01-28 08:12:10,female,group B,associate's degree,free/reduced,completed,68,77,80
S0732,2026-01-28 08:12:11,male,group A,some high school,free/reduced,none,55,46,43
S0733,2026-01-28 08:12:12,female,group C,some college,standard,completed,87,89,94
S0734,2026-01-28 08:12:13,male,group D,some high school,standard,none,55,47,44
S0735,2026-01-28 08:12:14,female,group E,some college,free/reduced,none,53,58,57
S0736,2026-01-28 08:12:15,male,group C,master's degree,standard,none,67,57,59
S0737,2026-01-28 08:12:16,male,group C,associate's degree,standard,none,92,79,84
S0738,2026-01-28 08:12:17,female,group B,some college,free/reduced,completed,53,66,73
S0739,2026-01-28 08:12:18,male,group D,associate's degree,standard,none,81,71,73
S0740,2026-01-28 08:12:19,male,group C,high school,free/reduced,none,61,60,55
S0741,2026-01-28 08:12:20,male,group D,bachelor's degree,standard,none,80,73,72
S0742,2026-01-28 08:12:21,female,group A,associate's degree,free/reduced,none,37,57,56
S0743,2026-01-28 08:12:22,female,group C,high school,standard,none,81,84,82
S0744,2026-01-28 08:12:23,female,group C,associate's degree,standard,completed,59,73,72
S0745,2026-01-28 08:12:24,male,group B,some college,free/reduced,none,55,55,47
S0746,2026-01-28 08:12:25,male,group D,associate's degree,standard,none,72,79,74
S0747,2026-01-28 08:12:26,male,group D,high school,standard,none,69,75,71
S0748,2026-01-28 08:12:27,male,group C,some college,standard,none,69,64,68
S0749,2026-01-28 08:12:28,female,group C,bachelor's degree,free/reduced,none,50,60,59
S0750,2026-01-28 08:12:29,male,group B,some college,standard,completed,87,84,86
S0751,2026-01-28 08:12:30,male,group D,some high school,standard,completed,71,69,68
S0752,2026-01-28 08:12:31,male,group E,some college,standard,none,68,72,65
S0753,2026-01-28 08:12:32,male,group C,master's degree,free/reduced,completed,79,77,75
S0754,2026-01-28 08:12:33,female,group C,some high school,standard,completed,77,90,85
S0755,2026-01-28 08:12:34,male,group C,associate's degree,free/reduced,none,58,55,53
S0756,2026-01-28 08:12:35,female,group E,associate's degree,standard,none,84,95,92
S0757,2026-01-28 08:12:36,male,group D,some college,standard,none,55,58,52
S0758,2026-01-28 08:12:37,male,group E,bachelor's degree,free/reduced,completed,70,68,72
S0759,2026-01-28 08:12:38,female,group D,some college,free/reduced,completed,52,59,65
S0760,2026-01-28 08:12:39,male,group B,some college,standard,completed,69,77,77
S0761,2026-01-28 08:12:40,female,group C,high school,free/reduced,none,53,72,64
S0762,2026-01-28 08:12:41,female,group D,some high school,standard,none,48,58,54
S0763,2026-01-28 08:12:42,male,group D,some high school,standard,completed,78,81,86
S0764,2026-01-28 08:12:43,female,group B,high school,standard,none,62,62,63
S0765,2026-01-28 08:12:44,male,group D,some college,standard,none,60,63,59
S0766,2026-01-28 08:12:45,female,group B,high school,standard,none,74,72,72
S0767,2026-01-28 08:12:46,female,group C,high school,standard,completed,58,75,77
S0768,2026-01-28 08:12:47,male,group B,high school,standard,completed,76,62,60
S0769,2026-01-28 08:12:48,female,group D,some high school,standard,none,68,71,75
S0770,2026-01-28 08:12:49,male,group A,some college,free/reduced,none,58,60,57
S0771,2026-01-28 08:12:50,male,group B,high school,standard,none,52,48,49
S0772,2026-01-28 08:12:51,male,group D,bachelor's degree,standard,none,75,73,74
S0773,2026-01-28 08:12:52,female,group B,some high school,free/reduced,completed,52,67,72
S0774,2026-01-28 08:12:53,female,group C,bachelor's degree,free/reduced,none,62,78,79
S0775,2026-01-28 08:12:54,male,group B,some college,standard,none,66,65,60
S0776,2026-01-28 08:12:55,female,group B,some high school,free/reduced,none,49,58,55
S0777,2026-01-28 08:12:56,female,group B,high school,standard,none,66,72,70
S0778,2026-01-28 08:12:57,female,group C,some college,free/reduced,none,35,44,43
S0779,2026-01-28 08:12:58,female,group A,some college,standard,completed,72,79,82
S0780,2026-01-28 08:12:59,male,group E,associate's degree,standard,completed,94,85,82
S0781,2026-01-28 08:13:00,female,group D,associate's degree,free/reduced,none,46,56,57
S0782,2026-01-28 08:13:01,female,group B,master's degree,standard,none,77,90,84
S0783,2026-01-28 08:13:02,female,group B,high school,free/reduced,completed,76,85,82
S0784,2026-01-28 08:13:03,female,group C,associate's degree,standard,completed,52,59,62
S0785,2026-01-28 08:13:04,male,group C,bachelor's degree,standard,completed,91,81,79
S0786,2026-01-28 08:13:05,female,group B,some high school,standard,completed,32,51,44
S0787,2026-01-28 08:13:06,female,group E,some high school,free/reduced,none,72,79,77
S0788,2026-01-28 08:13:07,female,group B,some college,standard,none,19,38,32
S0789,2026-01-28 08:13:08,male,group C,associate's degree,free/reduced,none,68,65,61
S0790,2026-01-28 08:13:09,female,group C,master's degree,free/reduced,none,52,65,61
S0791,2026-01-28 08:13:10,female,group B,high school,standard,none,48,62,60
S0792,2026-01-28 08:13:11,female,group D,some college,free/reduced,none,60,66,70
S0793,2026-01-28 08:13:12,male,group D,high school,free/reduced,none,66,74,69
S0794,2026-01-28 08:13:13,male,group E,some high school,standard,completed,89,84,77
S0795,2026-01-28 08:13:14,female,group B,high school,standard,none,42,52,51
S0796,2026-01-28 08:13:15,female,group E,associate's degree,free/reduced,completed,57,68,73
S0797,2026-01-28 08:13:16,male,group D,high school,standard,none,70,70,70
S0798,2026-01-28 08:13:17,female,group E,associate's degree,free/reduced,none,70,84,81
S0799,2026-01-28 08:13:18,male,group E,some college,standard,none,69,60,54
S0800,2026-01-28 08:13:19,female,group C,associate's degree,standard,none,52,55,57
S0801,2026-01-28 08:13:20,male,group C,some high school,standard,completed,67,73,68
S0802,2026-01-28 08:13:21,male,group C,some high school,standard,completed,76,80,73
S0803,2026-01-28 08:13:22,female,group E,associate's degree,standard,none,87,94,95
S0804,2026-01-28 08:13:23,female,group B,some college,standard,none,82,85,87
S0805,2026-01-28 08:13:24,female,group C,some college,standard,none,73,76,78
S0806,2026-01-28 08:13:25,male,group A,some college,free/reduced,none,75,81,74
S0807,2026-01-28 08:13:26,female,group D,some college,free/reduced,none,64,74,75
S0808,2026-01-28 08:13:27,female,group E,high school,free/reduced,none,41,45,40
S0809,2026-01-28 08:13:28,male,group C,high school,standard,none,90,75,69
S0810,2026-01-28 08:13:29,male,group B,bachelor's degree,standard,none,59,54,51
S0811,2026-01-28 08:13:30,male,group A,some high school,standard,none,51,31,36
S0812,2026-01-28 08:13:31,male,group A,high school,free/reduced,none,45,47,49
S0813,2026-01-28 08:13:32,female,group C,master's degree,standard,completed,54,64,67
S0814,2026-01-28 08:13:33,male,group E,some high school,standard,completed,87,84,76
S0815,2026-01-28 08:13:34,female,group C,high school,standard,none,72,80,83
S0816,2026-01-28 08:13:35,male,group B,some high school,standard,completed,94,86,87
S0817,2026-01-28 08:13:36,female,group A,bachelor's degree,standard,none,45,59,64
S0818,2026-01-28 08:13:37,male,group D,bachelor's degree,free/reduced,completed,61,70,76
S0819,2026-01-28 08:13:38,female,group B,high school,free/reduced,none,60,72,68
S0820,2026-01-28 08:13:39,female,group C,some high school,standard,none,77,91,88
S0821,2026-01-28 08:13:40,female,group A,some high school,standard,completed,85,90,92
S0822,2026-01-28 08:13:41,female,group D,bachelor's degree,free/reduced,none,78,90,93
S0823,2026-01-28 08:13:42,male,group E,some college,free/reduced,completed,49,52,51
S0824,2026-01-28 08:13:43,female,group B,high school,free/reduced,none,71,87,82
S0825,2026-01-28 08:13:44,female,group C,some high school,free/reduced,none,48,58,52
S0826,2026-01-28 08:13:45,male,group C,high school,standard,none,62,67,58
S0827,2026-01-28 08:13:46,female,group C,associate's degree,free/reduced,completed,56,68,70
S0828,2026-01-28 08:13:47,female,group C,some high school,standard,none,65,69,76
S0829,2026-01-28 08:13:48,female,group D,some high school,free/reduced,completed,69,86,81
S0830,2026-01-28 08:13:49,male,group B,some high school,standard,none,68,54,53
S0831,2026-01-28 08:13:50,female,group A,some college,free/reduced,none,61,60,57
S0832,2026-01-28 08:13:51,female,group C,bachelor's degree,free/reduced,completed,74,86,89
S0833,2026-01-28 08:13:52,male,group A,bachelor's degree,standard,none,64,60,58
S0834,2026-01-28 08:13:53,female,group B,high school,standard,completed,77,82,89
S0835,2026-01-28 08:13:54,male,group B,some college,standard,none,58,50,45
S0836,2026-01-28 08:13:55,female,group C,high school,standard,completed,60,64,74
S0837,2026-01-28 08:13:56,male,group E,high school,standard,none,73,64,57
S0838,2026-01-28 08:13:57,female,group A,high school,standard,completed,75,82,79
S0839,2026-01-28 08:13:58,male,group B,associate's degree,free/reduced,completed,58,57,53
S0840,2026-01-28 08:13:59,female,group C,associate's degree,standard,none,66,77,73
S0841,2026-01-28 08:14:00,female,group D,high school,free/reduced,none,39,52,46
S0842,2026-01-28 08:14:01,male,group C,some high school,standard,none,64,58,51
S0843,2026-01-28 08:14:02,female,group B,high school,free/reduced,completed,23,44,36
S0844,2026-01-28 08:14:03,male,group B,some college,free/reduced,completed,74,77,76
S0845,2026-01-28 08:14:04,female,group D,some high school,free/reduced,completed,40,65,64
S0846,2026-01-28 08:14:05,male,group E,master's degree,standard,none,90,85,84
S0847,2026-01-28 08:14:06,male,group C,master's degree,standard,completed,91,85,85
S0848,2026-01-28 08:14:07,male,group D,high school,standard,none,64,54,50
S0849,2026-01-28 08:14:08,female,group C,high school,standard,none,59,72,68
S0850,2026-01-28 08:14:09,male,group D,associate's degree,standard,none,80,75,69
S0851,2026-01-28 08:14:10,male,group C,master's degree,standard,none,71,67,67
S0852,2026-01-28 08:14:11,female,group A,high school,standard,none,61,68,63
S0853,2026-01-28 08:14:12,female,group E,some college,standard,none,87,85,93
S0854,2026-01-28 08:14:13,male,group E,some high school,standard,none,82,67,61
S0855,2026-01-28 08:14:14,male,group C,some high school,standard,none,62,64,55
S0856,2026-01-28 08:14:15,female,group B,bachelor's degree,standard,none,97,97,96
S0857,2026-01-28 08:14:16,male,group B,some college,free/reduced,none,75,68,65
S0858,2026-01-28 08:14:17,female,group C,bachelor's degree,standard,none,65,79,81
S0859,2026-01-28 08:14:18,male,group B,high school,standard,completed,52,49,46
S0860,2026-01-28 08:14:19,male,group C,associate's degree,free/reduced,none,87,73,72
S0861,2026-01-28 08:14:20,female,group C,associate's degree,standard,none,53,62,53
S0862,2026-01-28 08:14:21,female,group E,master's degree,free/reduced,none,81,86,87
S0863,2026-01-28 08:14:22,male,group D,bachelor's degree,free/reduced,completed,39,42,38
S0864,2026-01-28 08:14:23,female,group C,some college,standard,completed,71,71,80
S0865,2026-01-28 08:14:24,male,group C,associate's degree,standard,none,97,93,91
S0866,2026-01-28 08:14:25,male,group D,some college,standard,completed,82,82,88
S0867,2026-01-28 08:14:26,male,group C,high school,free/reduced,none,59,53,52
S0868,2026-01-28 08:14:27,male,group B,associate's degree,standard,none,61,42,41
S0869,2026-01-28 08:14:28,male,group E,associate's degree,free/reduced,completed,78,74,72
S0870,2026-01-28 08:14:29,male,group C,associate's degree,free/reduced,none,49,51,51
S0871,2026-01-28 08:14:30,male,group B,high school,standard,none,59,58,47
S0872,2026-01-28 08:14:31,female,group C,some college,standard,completed,70,72,76
S0873,2026-01-28 08:14:32,male,group B,associate's degree,standard,completed,82,84,78
S0874,2026-01-28 08:14:33,male,group E,associate's degree,free/reduced,none,90,90,82
S0875,2026-01-28 08:14:34,female,group C,bachelor's degree,free/reduced,none,43,62,61
S0876,2026-01-28 08:14:35,male,group C,some college,free/reduced,none,80,64,66
S0877,2026-01-28 08:14:36,male,group D,some college,standard,none,81,82,84
S0878,2026-01-28 08:14:37,male,group C,some high school,standard,none,57,61,54
S0879,2026-01-28 08:14:38,female,group D,some high school,standard,none,59,72,80
S0880,2026-01-28 08:14:39,female,group D,associate's degree,standard,none,64,76,74
S0881,2026-01-28 08:14:40,male,group C,bachelor's degree,standard,completed,63,64,66
S0882,2026-01-28 08:14:41,female,group E,bachelor's degree,standard,completed,71,70,70
S0883,2026-01-28 08:14:42,female,group B,high school,free/reduced,none,64,73,71
S0884,2026-01-28 08:14:43,male,group D,bachelor's degree,free/reduced,none,55,46,44
S0885,2026-01-28 08:14:44,female,group E,associate's degree,standard,none,51,51,54
S0886,2026-01-28 08:14:45,female,group C,associate's degree,standard,completed,62,76,80
S0887,2026-01-28 08:14:46,female,group E,associate's degree,standard,completed,93,100,95
S0888,2026-01-28 08:14:47,male,group C,high school,free/reduced,none,54,72,59
S0889,2026-01-28 08:14:48,female,group D,some college,free/reduced,none,69,65,74
S0890,2026-01-28 08:14:49,male,group D,high school,free/reduced,none,44,51,48
S0891,2026-01-28 08:14:50,female,group E,some college,standard,completed,86,85,91
S0892,2026-01-28 08:14:51,female,group E,associate's degree,standard,none,85,92,85
S0893,2026-01-28 08:14:52,female,group A,master's degree,free/reduced,none,50,67,73
S0894,2026-01-28 08:14:53,male,group D,some high school,standard,completed,88,74,75
S0895,2026-01-28 08:14:54,female,group E,associate's degree,standard,none,59,62,69
S0896,2026-01-28 08:14:55,female,group E,some high school,free/reduced,none,32,34,38
S0897,2026-01-28 08:14:56,male,group B,high school,free/reduced,none,36,29,27
S0898,2026-01-28 08:14:57,female,group B,some high school,free/reduced,completed,63,78,79
S0899,2026-01-28 08:14:58,male,group D,associate's degree,standard,completed,67,54,63
S0900,2026-01-28 08:14:59,female,group D,some high school,standard,completed,65,78,82
S0901,2026-01-28 08:15:00,male,group D,master's degree,standard,none,85,84,89
S0902,2026-01-28 08:15:01,female,group C,master's degree,standard,none,73,78,74
S0903,2026-01-28 08:15:02,female,group A,high school,free/reduced,completed,34,48,41
S0904,2026-01-28 08:15:03,female,group D,bachelor's degree,free/reduced,completed,93,100,100
S0905,2026-01-28 08:15:04,female,group D,some high school,free/reduced,none,67,84,84
S0906,2026-01-28 08:15:05,male,group D,some college,standard,none,88,77,77
S0907,2026-01-28 08:15:06,male,group B,high school,standard,none,57,48,51
S0908,2026-01-28 08:15:07,female,group D,some college,standard,completed,79,84,91
S0909,2026-01-28 08:15:08,female,group C,bachelor's degree,free/reduced,none,67,75,72
S0910,2026-01-28 08:15:09,male,group E,bachelor's degree,standard,completed,70,64,70
S0911,2026-01-28 08:15:10,male,group D,bachelor's degree,free/reduced,none,50,42,48
S0912,2026-01-28 08:15:11,female,group A,some college,standard,none,69,84,82
S0913,2026-01-28 08:15:12,female,group C,bachelor's degree,standard,completed,52,61,66
S0914,2026-01-28 08:15:13,female,group C,bachelor's degree,free/reduced,completed,47,62,66
S0915,2026-01-28 08:15:14,female,group B,associate's degree,free/reduced,none,46,61,55
S0916,2026-01-28 08:15:15,female,group E,some college,standard,none,68,70,66
S0917,2026-01-28 08:15:16,male,group E,bachelor's degree,standard,completed,100,100,100
S0918,2026-01-28 08:15:17,female,group C,high school,standard,none,44,61,52
S0919,2026-01-28 08:15:18,female,group C,associate's degree,standard,completed,57,77,80
S0920,2026-01-28 08:15:19,male,group B,some college,standard,completed,91,96,91
S0921,2026-01-28 08:15:20,male,group D,high school,free/reduced,none,69,70,67
S0922,2026-01-28 08:15:21,female,group C,high school,free/reduced,none,35,53,46
S0923,2026-01-28 08:15:22,male,group D,high school,standard,none,72,66,66
S0924,2026-01-28 08:15:23,female,group B,associate's degree,free/reduced,none,54,65,65
S0925,2026-01-28 08:15:24,male,group D,high school,free/reduced,none,74,70,69
S0926,2026-01-28 08:15:25,male,group E,some high school,standard,completed,74,64,60
S0927,2026-01-28 08:15:26,male,group E,associate's degree,free/reduced,none,64,56,52
S0928,2026-01-28 08:15:27,female,group D,high school,free/reduced,completed,65,61,71
S0929,2026-01-28 08:15:28,male,group E,associate's degree,free/reduced,completed,46,43,44
S0930,2026-01-28 08:15:29,female,group C,some high school,free/reduced,none,48,56,51
S0931,2026-01-28 08:15:30,male,group C,some college,free/reduced,completed,67,74,70
S0932,2026-01-28 08:15:31,male,group D,some college,free/reduced,none,62,57,62
S0933,2026-01-28 08:15:32,male,group D,associate's degree,free/reduced,completed,61,71,73
S0934,2026-01-28 08:15:33,male,group C,bachelor's degree,free/reduced,completed,70,75,74
S0935,2026-01-28 08:15:34,male,group C,associate's degree,standard,completed,98,87,90
S0936,2026-01-28 08:15:35,male,group D,some college,free/reduced,none,70,63,58
S0937,2026-01-28 08:15:36,male,group A,associate's degree,standard,none,67,57,53
S0938,2026-01-28 08:15:37,female,group E,high school,free/reduced,none,57,58,57
S0939,2026-01-28 08:15:38,male,group D,some college,standard,completed,85,81,85
S0940,2026-01-28 08:15:39,male,group D,some high school,standard,completed,77,68,69
S0941,2026-01-28 08:15:40,male,group C,master's degree,free/reduced,completed,72,66,72
S0942,2026-01-28 08:15:41,female,group D,master's degree,standard,none,78,91,96
S0943,2026-01-28 08:15:42,male,group C,high school,standard,none,81,66,64
S0944,2026-01-28 08:15:43,male,group A,some high school,free/reduced,completed,61,62,61
S0945,2026-01-28 08:15:44,female,group B,high school,standard,none,58,68,61
S0946,2026-01-28 08:15:45,female,group C,associate's degree,standard,none,54,61,58
S0947,2026-01-28 08:15:46,male,group B,high school,standard,none,82,82,80
S0948,2026-01-28 08:15:47,female,group D,some college,free/reduced,none,49,58,60
S0949,2026-01-28 08:15:48,male,group B,some high school,free/reduced,completed,49,50,52
S0950,2026-01-28 08:15:49,female,group E,high school,free/reduced,completed,57,75,73
S0951,2026-01-28 08:15:50,male,group E,high school,standard,none,94,73,71
S0952,2026-01-28 08:15:51,female,group D,some college,standard,completed,75,77,83
S0953,2026-01-28 08:15:52,female,group E,some high school,free/reduced,none,74,74,72
S0954,2026-01-28 08:15:53,male,group C,high school,standard,completed,58,52,54
S0955,2026-01-28 08:15:54,female,group C,some college,standard,none,62,69,69
S0956,2026-01-28 08:15:55,male,group E,associate's degree,standard,none,72,57,62
S0957,2026-01-28 08:15:56,male,group C,some college,standard,none,84,87,81
S0958,2026-01-28 08:15:57,female,group D,master's degree,standard,none,92,100,100
S0959,2026-01-28 08:15:58,female,group D,high school,standard,none,45,63,59
S0960,2026-01-28 08:15:59,male,group C,high school,standard,none,75,81,71
S0961,2026-01-28 08:16:00,female,group A,some college,standard,none,56,58,64
S0962,2026-01-28 08:16:01,female,group D,some high school,free/reduced,none,48,54,53
S0963,2026-01-28 08:16:02,female,group E,associate's degree,standard,none,100,100,100
S0964,2026-01-28 08:16:03,female,group C,some high school,free/reduced,completed,65,76,75
S0965,2026-01-28 08:16:04,male,group D,some college,standard,none,72,57,58
S0966,2026-01-28 08:16:05,female,group D,some college,standard,none,62,70,72
S0967,2026-01-28 08:16:06,male,group A,some high school,standard,completed,66,68,64
S0968,2026-01-28 08:16:07,male,group C,some college,standard,none,63,63,60
S0969,2026-01-28 08:16:08,female,group E,associate's degree,standard,none,68,76,67
S0970,2026-01-28 08:16:09,female,group B,bachelor's degree,standard,none,75,84,80
S0971,2026-01-28 08:16:10,female,group D,bachelor's degree,standard,none,89,100,100
S0972,2026-01-28 08:16:11,male,group C,some high school,standard,completed,78,72,69
S0973,2026-01-28 08:16:12,female,group A,high school,free/reduced,completed,53,50,60
S0974,2026-01-28 08:16:13,female,group D,some college,free/reduced,none,49,65,61
S0975,2026-01-28 08:16:14,female,group A,some college,standard,none,54,63,67
S0976,2026-01-28 08:16:15,female,group C,some college,standard,completed,64,82,77
S0977,2026-01-28 08:16:16,male,group B,some college,free/reduced,completed,60,62,60
S0978,2026-01-28 08:16:17,male,group C,associate's degree,standard,none,62,65,58
S0979,2026-01-28 08:16:18,male,group D,high school,standard,completed,55,41,48
S0980,2026-01-28 08:16:19,female,group C,associate's degree,standard,none,91,95,94
S0981,2026-01-28 08:16:20,female,group B,high school,free/reduced,none,8,24,23
S0982,2026-01-28 08:16:21,male,group D,some high school,standard,none,81,78,78
S0983,2026-01-28 08:16:22,male,group B,some high school,standard,completed,79,85,86
S0984,2026-01-28 08:16:23,female,group A,some college,standard,completed,78,87,91
S0985,2026-01-28 08:16:24,female,group C,some high school,standard,none,74,75,82
S0986,2026-01-28 08:16:25,male,group A,high school,standard,none,57,51,54
S0987,2026-01-28 08:16:26,female,group C,associate's degree,standard,none,40,59,51
S0988,2026-01-28 08:16:27,male,group E,some high school,standard,completed,81,75,76
S0989,2026-01-28 08:16:28,female,group A,some high school,free/reduced,none,44,45,45
S0990,2026-01-28 08:16:29,female,group D,some college,free/reduced,completed,67,86,83
S0991,2026-01-28 08:16:30,male,group E,high school,free/reduced,completed,86,81,75
S0992,2026-01-28 08:16:31,female,group B,some high school,standard,completed,65,82,78
S0993,2026-01-28 08:16:32,female,group D,associate's degree,free/reduced,none,55,76,76
S0994,2026-01-28 08:16:33,female,group D,bachelor's degree,free/reduced,none,62,72,74
S0995,2026-01-28 08:16:34,male,group A,high school,standard,none,63,63,62
S0996,2026-01-28 08:16:35,female,group E,master's degree,standard,completed,88,99,95
S0997,2026-01-28 08:16:36,male,group C,high school,free/reduced,none,62,55,55
S0998,2026-01-28 08:16:37,female,group C,high school,free/reduced,completed,59,71,65
S0999,2026-01-28 08:16:38,female,group D,some college,standard,completed,68,78,77
S1000,2026-01-28 08:16:39,female,group D,some college,free/reduced,none,77,86,86
